time_s,temp_f
10,72.83871
20,72.83871
30,72.83871
40,72.64516
50,72.45161
60,72.45161
70,72.45161
80,72.25805
90,72.06452
100,69.1613
110,67.41935
120,65.09678
130,63.93548
140,62.3871
150,61.03226
160,60.06451
170,59.09677
180,58.32258
190,57.16128
200,56.3871
210,55.80644
220,55.2258
230,54.25806
240,53.67742
250,53.09677
260,52.70967
270,51.93548
280,51.54838
290,50.96773
300,50.58065
310,50.19355
320,49.6129
330,49.6129
340,49.03225
350,48.83871
360,48.06451
370,48.06451
380,47.48386
390,47.29032
400,46.90323
410,46.70968
420,46.32258
430,49.41936
440,51.93548
450,52.32258
460,53.29032
470,53.67742
480,54.64516
490,55.41936
500,56.0
510,56.3871
520,57.16128
530,57.93549
540,58.51613
550,58.90323
560,59.29032
570,59.87097
580,60.06451
590,60.45161
600,60.83871
610,61.61289
620,62.19355
630,63.16129
640,62.77419
650,62.96774
660,63.35484
670,63.93548
680,64.32258
690,64.32258
700,64.70967
710,64.90322
