elapsed_s,t_ms,count,rpm
0.0,19198,1,0
0.485,19683,2,123
1.171,20369,3,87
1.774,20972,4,99
2.3529999999999998,21551,5,103
2.9469999999999996,22145,6,101
3.5679999999999996,22766,7,96
4.066,23264,8,120
4.7379999999999995,23936,9,89
5.273,24471,10,112
5.861,25059,11,101
6.524,25722,12,90
7.082,26280,13,107
7.645,26843,14,106
8.270999999999999,27469,15,95
8.748999999999999,27947,16,125
9.310999999999998,28509,17,106
9.709999999999997,28908,18,150
10.647999999999998,29846,19,63
11.191999999999998,30390,20,110
11.758999999999999,30957,21,105
12.152999999999999,31351,22,152
12.376999999999999,31575,23,267
12.505999999999998,31704,24,465
12.686999999999998,31885,25,331
12.980999999999998,32179,26,204
13.314999999999998,32513,27,179
13.643999999999998,32842,28,182
13.963999999999999,33162,29,187
14.078999999999999,33277,30,520
14.303999999999998,33502,31,266
14.467999999999998,33666,32,365
14.681999999999999,33880,33,280
14.825999999999999,34024,34,417
15.034999999999998,34233,35,287
15.156999999999998,34355,36,488
15.377999999999998,34576,37,271
15.725999999999999,34924,38,172
16.086,35284,39,166
16.221,35419,40,444
16.473,35671,41,238
16.644,35842,42,350
16.860999999999997,36059,43,276
16.982999999999997,36181,44,491
17.203999999999997,36402,45,271
17.318999999999996,36517,46,522
17.513999999999996,36712,47,307
17.839999999999996,37038,48,184
17.969999999999995,37168,49,460
18.177999999999994,37376,50,288
18.302999999999994,37501,51,480
18.527999999999995,37726,52,266
18.659999999999997,37858,53,452
18.909999999999997,38108,54,239
19.228999999999996,38427,55,188
19.571999999999996,38770,56,174
19.908999999999995,39107,57,178
20.240999999999996,39439,58,180
20.365999999999996,39564,59,482
20.583999999999996,39782,60,274
20.700999999999997,39899,61,514
20.898999999999997,40097,62,303
21.06,40258,63,371
21.244999999999997,40443,64,325
21.387999999999998,40586,65,418
21.58,40778,66,313
21.732,40930,67,392
21.929,41127,68,305
22.08,41278,69,398
22.279,41477,70,301
22.409,41607,71,460
22.631999999999998,41830,72,268
22.779999999999998,41978,73,405
22.980999999999998,42179,74,298
23.118,42316,75,440
23.343999999999998,42542,76,264
23.852999999999998,43051,77,117
24.555,43753,78,85
24.987,44185,79,139
26.048,45246,80,56
26.491,45689,81,135
27.597,46795,82,54
29.052,48250,83,41
30.8,49998,84,34
32.466,51664,85,36
33.851,53049,86,43
35.475,54673,87,36
37.050000000000004,56248,88,38
38.694,57892,89,36
